[
	{
		"identifier": "mark",
		"type": "boolean",
		"column": "Mark",
		"width": "26px",
		"alignment": "center",
		"hint": "Пометка",
		"visible": true,
		"position": 1
	},
	{
		"identifier": "id",
		"type": "number",
		"column": "Id",
		"width": "80px",
		"alignment": "left",
		"hint": "Номер",
		"visible": true,
		"position": 2
	},
	{
		"identifier": "shortName",
		"type": "string",
		"column": "ShortName",
		"width": "auto",
		"alignment": "left",
		"hint": "Наименование",
		"visible": true,
		"position": 3
	},
	{
		"identifier": "displayName",
		"type": "string",
		"column": "DisplayName",
		"width": "auto",
		"alignment": "left",
		"hint": "Полное наименование",
		"visible": true,
		"position": 4
	},
	{
		"identifier": "bin",
		"type": "string",
		"column": "BIN",
		"width": "auto",
		"alignment": "left",
		"hint": "БИН",
		"visible": true,
		"position": 5
	}
]
